nrep1_max,nrep2_max,maxrep1_max,maxrep2_max,richness_min,richness_max
3.7142857142857143,2.9665178571428571,1.0089285714285714,1.4285714285714286,-3.42340972773309342803,-1.43136376415898731185
