nrep1_max,nrep2_max,maxrep1_max,maxrep2_max
3.7142857142857143,2.9665178571428571,1.0089285714285714,1.4285714285714286
