domain,ntaxnull,ntax,f_containsnull
A,3993,4023,0.99254287844891871738
B,85347,89257,0.95619391196208700718
E,711484,727810,0.97756832140256385595
V,9,9,1.00000000000000000000
